sara_1750243402837,user,1750243402837@gmail.com,9000042970,1234
sara_1750243402837,user,1750243402837@gmail.com,9000042970,1234
sara_1750243402837,user,1750243402837@gmail.com,9000042970,1234
sara_1750243402837,user,1750243402837@gmail.com,9000042970,1234
sara_1750243402837,user,1750243402837@gmail.com,9000042970,1234
sara_1750243402837,user,1750243402837@gmail.com,9000042970,1234
sara_1750243870221,user,user46757@gmail.com,9000077257,1234
sara_1750243870221,user,user46757@gmail.com,9000077257,1234
sara_1750243870221,user,user46757@gmail.com,9000077257,1234
sara_1750243870221,user,user46757@gmail.com,9000077257,1234
sara_1750243870221,user,user46757@gmail.com,9000077257,1234
sara_1750243870221,user,user46757@gmail.com,9000077257,1234
sara_1750245315360,user,user52268@gmail.com,9000053263,1234
sara_1750245315360,user,user52268@gmail.com,9000053263,1234
sara_1750245315360,user,user52268@gmail.com,9000053263,1234
sara_1750245315360,user,user52268@gmail.com,9000053263,1234
sara_1750245315360,user,user52268@gmail.com,9000053263,1234
sara_1750245373348,user,1750245373348@gmail.com,9000088306,1234
sara_1750245373348,user,1750245373348@gmail.com,9000088306,1234
sara_1750245373348,user,1750245373348@gmail.com,9000088306,1234
sara_1750245373348,user,1750245373348@gmail.com,9000088306,1234
sara_1750245373348,user,1750245373348@gmail.com,9000088306,1234
sara_1750245405793,user,1750245405793@gmail.com,9000095238,1234
sara_1750245405793,user,1750245405793@gmail.com,9000095238,1234
sara_1750245405793,user,1750245405793@gmail.com,9000095238,1234
sara_1750245405793,user,1750245405793@gmail.com,9000095238,1234
sara_1750245405793,user,1750245405793@gmail.com,9000095238,1234
sara_1750245482635,user,1750245482635@gmail.com,9000042789,1234
sara_1750245482635,user,1750245482635@gmail.com,9000042789,1234
sara_1750245482635,user,1750245482635@gmail.com,9000042789,1234
sara_1750245482635,user,1750245482635@gmail.com,9000042789,1234
sara_1750245482635,user,1750245482635@gmail.com,9000042789,1234
sara_1750245482635,user,1750245482635@gmail.com,9000042789,1234
